{
  "baseline": "B1",
  "model": "ResNet-50",
  "macro_f1": 0.9853070810157588,
  "accuracy": 0.9895654308863245,
  "per_class_f1": [
    0.989247311827957,
    0.9945945945945946,
    1.0,
    0.9979716024340771,
    0.9977827050997783,
    1.0,
    0.996078431372549,
    0.8834355828220859,
    0.954177897574124,
    0.9375,
    1.0,
    1.0,
    0.9975786924939467,
    1.0,
    1.0,
    1.0,
    0.9985443959243085,
    0.9908256880733946,
    0.9900990099009901,
    0.9932279909706546,
    1.0,
    0.9761092150170648,
    0.9565217391304348,
    1.0,
    0.9993451211525868,
    0.9981851179673321,
    1.0,
    1.0,
    1.0,
    0.9480968858131488,
    0.9473684210526315,
    0.9929577464788732,
    0.9906542056074766,
    0.9920318725099602,
    0.9519230769230769,
    0.9987562189054726,
    0.9911504424778761,
    0.9775051124744376
  ],
  "training_time_s": 298.3957874774933,
  "best_val_f1": 0.9903708729072483,
  "trainable_params": 23585894
}