{
  "baseline": "B1",
  "model": "ResNet-50",
  "macro_f1": 0.9951092825706551,
  "accuracy": 0.9964399705376872,
  "per_class_f1": [
    1.0,
    1.0,
    1.0,
    1.0,
    0.9977827050997783,
    1.0,
    0.996078431372549,
    0.9433962264150944,
    1.0,
    0.9688581314878892,
    1.0,
    1.0,
    0.9975903614457832,
    1.0,
    1.0,
    1.0,
    0.9985486211901307,
    1.0,
    1.0,
    1.0,
    1.0,
    0.9864864864864865,
    1.0,
    1.0,
    0.9993451211525868,
    1.0,
    0.9970149253731343,
    1.0,
    1.0,
    0.9736842105263158,
    0.9825174825174825,
    0.9965156794425087,
    0.9962121212121212,
    0.9960159362549801,
    0.9882903981264637,
    1.0,
    1.0,
    0.99581589958159
  ],
  "training_time_s": 3611.0173847675323,
  "best_val_f1": 0.9963512085335843,
  "trainable_params": 23585894
}