{
  "frac0.01_seed42": {
    "fraction": 0.01,
    "seed": 42,
    "train_samples": 380,
    "macro_f1": 0.14484568975406373,
    "accuracy": 0.38165971028725754,
    "per_class_f1": [
      0.0,
      0.0,
      0.0,
      0.17454545454545456,
      0.0,
      0.0,
      0.0,
      0.0,
      0.5411140583554377,
      0.0,
      0.0,
      0.05405405405405406,
      0.48056537102473496,
      0.3148148148148148,
      0.0,
      0.6829063418731626,
      0.45136186770428016,
      0.0,
      0.0,
      0.05982905982905983,
      0.013245033112582781,
      0.0,
      0.0,
      0.03571428571428571,
      0.6147507210548002,
      0.64,
      0.38222222222222224,
      0.0,
      0.32323232323232326,
      0.0,
      0.03902439024390244,
      0.0,
      0.0,
      0.12811387900355872,
      0.12195121951219512,
      0.39178915357323874,
      0.0,
      0.054901960784313725
    ],
    "best_val_f1": 0.1488760968944111
  },
  "frac0.01_seed123": {
    "fraction": 0.01,
    "seed": 123,
    "train_samples": 380,
    "macro_f1": 0.1588972026879401,
    "accuracy": 0.3919715197643015,
    "per_class_f1": [
      0.0,
      0.0,
      0.0,
      0.16,
      0.0,
      0.0,
      0.015503875968992248,
      0.02564102564102564,
      0.47808764940239046,
      0.12195121951219512,
      0.8135593220338984,
      0.0223463687150838,
      0.7374749498997996,
      0.24210526315789474,
      0.0,
      0.7874186550976139,
      0.34011627906976744,
      0.0,
      0.0,
      0.043478260869565216,
      0.0,
      0.0,
      0.0,
      0.0,
      0.4426900584795322,
      0.42473118279569894,
      0.0,
      0.0,
      0.3990086741016109,
      0.0,
      0.0189873417721519,
      0.0,
      0.2806573957016435,
      0.007874015748031496,
      0.0,
      0.49464398235664775,
      0.0,
      0.18181818181818182
    ],
    "best_val_f1": 0.15590914733888872
  },
  "frac0.01_seed456": {
    "fraction": 0.01,
    "seed": 456,
    "train_samples": 380,
    "macro_f1": 0.12446383960093871,
    "accuracy": 0.3611588509698011,
    "per_class_f1": [
      0.0,
      0.0,
      0.0,
      0.0,
      0.0,
      0.0,
      0.0,
      0.16091954022988506,
      0.6738351254480287,
      0.15294117647058825,
      0.39631336405529954,
      0.0,
      0.33962264150943394,
      0.03636363636363636,
      0.0,
      0.8702702702702703,
      0.4088050314465409,
      0.0,
      0.0,
      0.056338028169014086,
      0.02631578947368421,
      0.013245033112582781,
      0.0,
      0.0,
      0.4346087949743004,
      0.20481927710843373,
      0.011834319526627219,
      0.0,
      0.29711751662971175,
      0.0,
      0.046822742474916385,
      0.026845637583892617,
      0.043010752688172046,
      0.04395604395604396,
      0.05240174672489083,
      0.4332394366197183,
      0.0,
      0.0
    ],
    "best_val_f1": 0.12167784384363975
  },
  "frac0.05_seed42": {
    "fraction": 0.05,
    "seed": 42,
    "train_samples": 1900,
    "macro_f1": 0.8395215204981957,
    "accuracy": 0.8952860299533514,
    "per_class_f1": [
      0.7770700636942676,
      0.8844221105527639,
      0.8051948051948052,
      0.93359375,
      0.9667405764966741,
      0.9587301587301588,
      0.9558232931726908,
      0.7189542483660131,
      0.8939393939393939,
      0.7463768115942029,
      0.9942528735632183,
      0.9113149847094801,
      0.9039301310043668,
      0.9526627218934911,
      0.8811188811188811,
      0.9880382775119617,
      0.9478390461997019,
      0.8703703703703703,
      0.7987804878048781,
      0.9439655172413793,
      0.9169675090252708,
      0.7449392712550608,
      0.0,
      0.9019607843137255,
      0.9778933680104032,
      0.9908592321755028,
      0.978978978978979,
      0.9027777777777778,
      0.8347826086956521,
      0.484304932735426,
      0.7532956685499058,
      0.8528301886792453,
      0.7784679089026915,
      0.8043478260869565,
      0.615071283095723,
      0.9612983770287141,
      0.6966292134831461,
      0.8732943469785575
    ],
    "best_val_f1": 0.8362048171750006
  },
  "frac0.05_seed123": {
    "fraction": 0.05,
    "seed": 123,
    "train_samples": 1900,
    "macro_f1": 0.8436419355219016,
    "accuracy": 0.901669531058188,
    "per_class_f1": [
      0.8433734939759037,
      0.8910891089108911,
      0.891566265060241,
      0.9385245901639344,
      0.9626373626373627,
      0.9473684210526315,
      0.9721115537848606,
      0.7182320441988951,
      0.9696969696969697,
      0.751937984496124,
      0.997134670487106,
      0.8821752265861027,
      0.9164785553047404,
      0.9906542056074766,
      0.9411764705882353,
      0.9891435464414958,
      0.9708454810495627,
      0.9719626168224299,
      0.863013698630137,
      0.9147609147609148,
      0.9135802469135802,
      0.7480916030534351,
      0.0,
      0.9322033898305084,
      0.9799352750809062,
      0.9838998211091234,
      0.9554896142433235,
      0.890625,
      0.8076923076923077,
      0.32989690721649484,
      0.7755775577557755,
      0.8153310104529616,
      0.8099467140319716,
      0.7857142857142857,
      0.6782945736434108,
      0.9703843730308759,
      0.4383561643835616,
      0.9194915254237288
    ],
    "best_val_f1": 0.8410545417815293
  },
  "frac0.05_seed456": {
    "fraction": 0.05,
    "seed": 456,
    "train_samples": 1900,
    "macro_f1": 0.8580780996567471,
    "accuracy": 0.9114903019887061,
    "per_class_f1": [
      0.7672955974842768,
      0.9,
      0.8169014084507042,
      0.9565217391304348,
      0.9801324503311258,
      0.9748427672955975,
      0.9841269841269841,
      0.7472527472527473,
      0.9392265193370166,
      0.7593984962406015,
      0.997134670487106,
      0.9446064139941691,
      0.9603729603729604,
      0.9691358024691358,
      0.9624060150375939,
      0.9939686369119421,
      0.9253731343283582,
      0.7912087912087912,
      0.8637873754152824,
      0.9631236442516269,
      0.91875,
      0.8129496402877698,
      0.0,
      0.9719626168224299,
      0.9810828440965427,
      0.985663082437276,
      0.9415384615384615,
      0.950354609929078,
      0.8338368580060423,
      0.6111111111111112,
      0.8204225352112676,
      0.8125,
      0.7715355805243446,
      0.8178137651821862,
      0.7272727272727273,
      0.9605425400739828,
      0.5822784810126582,
      0.9105367793240556
    ],
    "best_val_f1": 0.8499508989906636
  },
  "frac0.10_seed42": {
    "fraction": 0.1,
    "seed": 42,
    "train_samples": 3801,
    "macro_f1": 0.9249737272400937,
    "accuracy": 0.9420574515099436,
    "per_class_f1": [
      0.9411764705882353,
      0.8985507246376812,
      0.9487179487179487,
      0.9775051124744376,
      0.9845474613686535,
      0.9842271293375394,
      0.984251968503937,
      0.8169014084507042,
      0.9239130434782609,
      0.8726114649681529,
      0.9971181556195965,
      0.9432835820895522,
      0.9473684210526315,
      0.9671641791044776,
      0.9846153846153847,
      0.9945815773630343,
      0.9748892171344166,
      0.972972972972973,
      0.8571428571428571,
      0.9288702928870293,
      0.9694915254237289,
      0.8905109489051095,
      0.7567567567567568,
      1.0,
      0.9901896664486592,
      1.0,
      0.9723076923076923,
      1.0,
      0.9254185692541856,
      0.7137254901960784,
      0.8446771378708552,
      0.912751677852349,
      0.8835489833641405,
      0.8213457076566125,
      0.7789934354485777,
      0.985,
      0.8849557522123894,
      0.918918918918919
    ],
    "best_val_f1": 0.9231561656321856
  },
  "frac0.10_seed123": {
    "fraction": 0.1,
    "seed": 123,
    "train_samples": 3801,
    "macro_f1": 0.9170129615715884,
    "accuracy": 0.9414436533267861,