{
  "frac0.01_seed42": {
    "fraction": 0.01,
    "seed": 42,
    "train_samples": 380,
    "macro_f1": 0.7315198828722483,
    "accuracy": 0.8204026516081513,
    "per_class_f1": [
      0.31932773109243695,
      0.6790123456790124,
      0.5945945945945946,
      0.8865096359743041,
      0.928416485900217,
      0.8851351351351351,
      0.8705882352941177,
      0.7213114754098361,
      0.8901408450704226,
      0.6666666666666666,
      0.9425981873111783,
      0.8328767123287671,
      0.8747152619589977,
      0.8406779661016949,
      0.8108108108108109,
      0.9740566037735849,
      0.8735332464146024,
      0.5316455696202531,
      0.7228260869565217,
      0.8771186440677966,
      0.7142857142857143,
      0.742671009771987,
      0.14285714285714285,
      0.8813559322033898,
      0.942985265855221,
      0.9389312977099237,
      0.8650306748466258,
      0.4,
      0.6843100189035917,
      0.32673267326732675,
      0.6598639455782312,
      0.7160493827160493,
      0.6089385474860335,
      0.8,
      0.5327510917030568,
      0.9536507936507936,
      0.5063291139240507,
      0.6584507042253521
    ],
    "best_val_f1": 0.7414376637299256
  },
  "frac0.01_seed123": {
    "fraction": 0.01,
    "seed": 123,
    "train_samples": 380,
    "macro_f1": 0.770466488816939,
    "accuracy": 0.843849742204763,
    "per_class_f1": [
      0.6068965517241379,
      0.75,
      0.6956521739130435,
      0.9382716049382716,
      0.9264069264069265,
      0.9230769230769231,
      0.9,
      0.5352112676056338,
      0.9155313351498637,
      0.6666666666666666,
      0.9884393063583815,
      0.9142857142857143,
      0.9481132075471698,
      0.882943143812709,
      0.6621621621621622,
      0.9879372738238842,
      0.8710526315789474,
      0.8225806451612904,
      0.7490636704119851,
      0.868,
      0.8827586206896552,
      0.759075907590759,
      0.17142857142857143,
      0.7428571428571429,
      0.9667093469910372,
      0.9233716475095786,
      0.9126760563380282,
      0.4186046511627907,
      0.7535714285714286,
      0.5055762081784386,
      0.7037037037037037,
      0.6742424242424242,
      0.6758620689655173,
      0.6585365853658537,
      0.5652173913043478,
      0.945645055664702,
      0.7128712871287128,
      0.7527272727272727
    ],
    "best_val_f1": 0.7582695930507894
  },
  "frac0.05_seed42": {
    "fraction": 0.05,
    "seed": 42,
    "train_samples": 1900,
    "macro_f1": 0.9505181958758934,
    "accuracy": 0.962312791554137,
    "per_class_f1": [
      0.9732620320855615,
      0.9782608695652174,
      0.9302325581395349,
      0.9730848861283644,
      0.9955947136563876,
      0.9841269841269841,
      0.9806949806949807,
      0.8488372093023255,
      0.9861495844875346,
      0.8897058823529411,
      1.0,
      0.976878612716763,
      0.9672897196261683,
      0.9907692307692307,
      0.9922480620155039,
      0.9963811821471653,
      0.9826086956521739,
      0.9380530973451328,
      0.9292929292929293,
      0.9715536105032823,
      0.9731543624161074,
      0.9379310344827586,
      0.851063829787234,
      0.990990990990991,
      0.9940906106369009,
      0.9981785063752276,
      0.9817073170731707,
      0.9852941176470589,
      0.9339622641509434,
      0.7956204379562044,
      0.9093959731543624,
      0.9602888086642599,
      0.9003831417624522,
      0.9341317365269461,
      0.8411633109619687,
      0.9805398618957941,
      0.897196261682243,
      0.9695740365111561
    ],
    "best_val_f1": 0.954177237607655
  },
  "frac0.05_seed123": {
    "fraction": 0.05,
    "seed": 123,
    "train_samples": 1900,
    "macro_f1": 0.956902443939957,
    "accuracy": 0.9691873312054996,
    "per_class_f1": [
      0.9502762430939227,
      0.9528795811518325,
      0.9647058823529412,
      0.972972972972973,
      0.9847494553376906,
      0.9842271293375394,
      0.980544747081712,
      0.8456375838926175,
      0.9747899159663865,
      0.9133333333333333,
      0.997134670487106,
      0.9887005649717514,
      0.9904306220095693,
      0.9937888198757764,
      0.9921259842519685,
      0.999395039322444,
      0.9898403483309144,
      0.9557522123893806,
      0.9639344262295082,
      0.9734513274336283,
      0.9832775919732442,
      0.912751677852349,
      0.8444444444444444,
      0.9821428571428571,
      0.9960681520314548,
      0.9981851179673321,
      1.0,
      0.9925925925925926,
      0.9546165884194053,
      0.8013937282229965,
      0.8843537414965986,
      0.9611307420494699,
      0.945179584120983,
      0.9500998003992016,
      0.9053117782909931,
      0.9918800749531543,
      0.9245283018867925,
      0.9656652360515021
    ],
    "best_val_f1": 0.9534017275818867
  },
  "frac0.10_seed42": {
    "fraction": 0.1,
    "seed": 42,
    "train_samples": 3801,
    "macro_f1": 0.9665340045726346,
    "accuracy": 0.977289467223177,
    "per_class_f1": [
      0.9447236180904522,
      1.0,
      1.0,
      0.9707112970711297,
      0.995575221238938,
      0.9968253968253968,
      0.9882352941176471,
      0.8774193548387097,
      0.9972144846796658,
      0.9351535836177475,
      1.0,
      0.9914529914529915,
      0.9928057553956835,
      0.9906542056074766,
      0.9846153846153847,
      1.0,
      0.9927431059506531,
      0.9464285714285714,
      0.9673202614379085,
      0.9823008849557522,
      0.9463722397476341,
      0.911660777385159,
      0.9047619047619048,
      0.9814814814814815,
      0.9967170059093894,
      0.9963503649635036,
      0.996996996996997,
      0.9781021897810219,
      0.9723076923076923,
      0.8851351351351351,
      0.9455782312925171,
      0.9647887323943662,
      0.9449715370018975,
      0.97265625,
      0.9264705882352942,
      0.9894080996884735,
      0.8686868686868687,
      0.9916666666666667
    ],
    "best_val_f1": 0.9679223591799672
  },
  "frac0.10_seed123": {
    "fraction": 0.1,
    "seed": 123,
    "train_samples": 3801,
    "macro_f1": 0.971924714819678,
    "accuracy": 0.9794991406825436,
    "per_class_f1": [
      0.9629629629629629,
      0.9946524064171123,
      0.9761904761904762,
      0.9856262833675564,
      0.9934065934065934,
      0.9968253968253968,
      0.9883268482490273,
      0.8765432098765432,
      0.9916434540389972,
      0.9300699300699301,
      0.9942528735632183,
      0.9915492957746479,
      0.9927360774818402,
      1.0,
      1.0,
      0.999395039322444,
      0.9926793557833089,
      0.9642857142857143,
      0.9612903225806452,
      0.9865470852017937,
      0.9966555183946488,
      0.9556313993174061,
      0.9777777777777777,
      1.0,
      0.9967213114754099,
      1.0,
      0.9970149253731343,
      1.0,
      0.9764521193092621,
      0.8363636363636363,
      0.9359430604982206,
      0.9823321554770318,
      0.9563567362428842,
      0.9623762376237623,
      0.9342723004694836,
      0.9943785134291068,
      0.8686868686868687,
      0.9831932773109243
    ],
    "best_val_f1": 0.9679488590720822
  },
  "frac0.25_seed42": {
    "fraction": 0.25,
    "seed": 42,
    "train_samples": 9503,
    "macro_f1": 0.983875909527794,
    "accuracy": 0.9891971519764301,