{
  "baseline": "B2",
  "model": "EfficientNet-B3",
  "macro_f1": 0.9923380626579185,
  "accuracy": 0.995089614534741,
  "per_class_f1": [
    1.0,
    1.0,
    1.0,
    1.0,
    0.9977827050997783,
    1.0,
    0.996078431372549,
    0.8848484848484849,
    0.9971988795518207,
    0.9366197183098591,
    1.0,
    1.0,
    1.0,
    1.0,
    1.0,
    1.0,
    0.9970845481049563,
    0.9818181818181818,
    1.0,
    1.0,
    1.0,
    0.9932885906040269,
    1.0,
    1.0,
    0.9993451211525868,
    1.0,
    0.9940476190476191,
    1.0,
    1.0,
    0.9933333333333333,
    0.9895833333333334,
    1.0,
    0.9924242424242424,
    0.9882352941176471,
    0.985781990521327,
    0.9987531172069826,
    0.990990990990991,
    0.9916317991631799
  ],
  "training_time_s": 4562.457005023956,
  "best_val_f1": 0.9940487172761724,
  "trainable_params": 10754638
}