{
  "baseline": "B2",
  "model": "EfficientNet-B3",
  "macro_f1": 0.9102598574441922,
  "accuracy": 0.9378836238644733,
  "per_class_f1": [
    0.7860262008733624,
    0.9171270718232044,
    0.975609756097561,
    0.9580838323353293,
    0.9797752808988764,
    0.9781931464174455,
    0.959349593495935,
    0.8176795580110497,
    0.9720670391061452,
    0.910394265232975,
    0.9033942558746736,
    0.9915014164305949,
    0.9805825242718447,
    0.9847094801223242,
    0.9508196721311475,
    0.9945288753799392,
    0.9825072886297376,
    0.9724770642201835,
    0.9621993127147767,
    0.9263657957244655,
    0.9310344827586207,
    0.8708487084870848,
    0.3333333333333333,
    0.9320388349514563,
    0.9467005076142132,
    0.8597449908925319,
    0.9488636363636364,
    0.9777777777777777,
    0.9681335356600911,
    0.8311688311688312,
    0.9246935201401051,
    0.9488054607508533,
    0.9158878504672897,
    0.8665207877461707,
    0.7512953367875648,
    0.9882788402220851,
    0.845360824742268,
    0.8459958932238193
  ],
  "training_time_s": 366.64680767059326,
  "best_val_f1": 0.9105921403008779,
  "trainable_params": 10754638
}