{
  "frac0.50_seed42": {
    "fraction": 0.5,
    "seed": 42,
    "train_samples": 19006,
    "macro_f1": 0.9825972018372849,
    "accuracy": 0.9874785170635895,
    "per_class_f1": [
      1.0,
      1.0,
      1.0,
      0.9979633401221996,
      0.9977924944812362,
      0.9968253968253968,
      0.996078431372549,
      0.8902439024390244,
      1.0,
      0.9366197183098591,
      0.997134670487106,
      0.9971671388101983,
      0.9975903614457832,
      1.0,
      1.0,
      0.999395039322444,
      0.9941520467836257,
      0.9557522123893806,
      0.9864864864864865,
      0.9866666666666667,
      0.9933774834437086,
      0.9797297297297297,
      0.9565217391304348,
      1.0,
      0.9986893840104849,
      0.9981851179673321,
      0.996996996996997,
      1.0,
      0.9905362776025236,
      0.9501661129568106,
      0.9634782608695652,
      0.9895470383275261,
      0.9789674952198852,
      0.958904109589041,
      0.9575471698113207,
      0.9937733499377335,
      0.9333333333333333,
      0.9690721649484536
    ],
    "best_val_f1": 0.9858193869780777
  },
  "frac0.50_seed123": {
    "fraction": 0.5,
    "seed": 123,
    "train_samples": 19006,
    "macro_f1": 0.9883113204379537,
    "accuracy": 0.99251166216548,
    "per_class_f1": [
      0.9946524064171123,
      0.9946524064171123,
      1.0,
      1.0,
      0.9977827050997783,
      0.9968253968253968,
      0.9921875,
      0.9079754601226994,
      1.0,
      0.9473684210526315,
      1.0,
      1.0,
      1.0,
      1.0,
      1.0,
      0.9993943064809206,
      0.9912280701754386,
      0.9557522123893806,
      1.0,
      0.9955156950672646,
      1.0,
      0.9899665551839465,
      0.9302325581395349,
      1.0,
      0.9993451211525868,
      0.9981785063752276,
      1.0,
      1.0,
      0.9953051643192489,
      0.9733333333333334,
      0.9809358752166378,
      1.0,
      0.9867674858223062,
      0.9824561403508771,
      0.9738717339667459,
      0.995627732667083,
      0.9911504424778761,
      0.9853249475890985
    ],
    "best_val_f1": 0.9890548011434186
  },
  "frac0.50_seed456": {
    "fraction": 0.5,
    "seed": 456,
    "train_samples": 19006,
    "macro_f1": 0.9890781771431454,
    "accuracy": 0.9921433832555856,
    "per_class_f1": [
      0.9946524064171123,
      0.9946524064171123,
      1.0,
      1.0,
      0.9977827050997783,
      0.9968253968253968,
      0.996078431372549,
      0.9192546583850931,
      1.0,
      0.9513888888888888,
      1.0,
      0.9943820224719101,
      0.9951456310679612,
      0.9969040247678018,
      0.9846153846153847,
      1.0,
      0.9956204379562044,
      0.972972972972973,
      1.0,
      0.9977528089887641,
      1.0,
      0.9831649831649831,
      0.9545454545454546,
      1.0,
      0.9993451211525868,
      0.9981785063752276,
      0.9970149253731343,
      1.0,
      0.9937694704049844,
      0.9834983498349835,
      0.9809358752166378,
      0.9964912280701754,
      0.9905123339658444,
      0.9655172413793104,
      0.9733656174334141,
      0.993103448275862,
      1.0,
      0.9875
    ],
    "best_val_f1": 0.9910867814997872
  }
}