{
  "baseline": "B3",
  "model": "I-JEPA ViT-H/14 Linear Probe (generic)",
  "macro_f1": 0.982753509836056,
  "accuracy": 0.987601276700221,
  "per_class_f1": [
    0.9738219895287958,
    1.0,
    1.0,
    0.9938900203665988,
    0.9977924944812362,
    0.9936305732484076,
    0.9921875,
    0.8961038961038961,
    0.9972144846796658,
    0.9491525423728814,
    1.0,
    0.9971671388101983,
    0.9975903614457832,
    1.0,
    1.0,
    0.999395039322444,
    0.9985443959243085,
    1.0,
    0.9966555183946488,
    0.9955156950672646,
    0.9966777408637874,
    0.9694915254237289,
    0.8837209302325582,
    1.0,
    0.9980379332897319,
    1.0,
    0.9970149253731343,
    1.0,
    0.985781990521327,
    0.9385113268608414,
    0.9387040280210157,
    0.9759450171821306,
    0.9673704414587332,
    0.9783889980353635,
    0.9516908212560387,
    0.9950310559006211,
    1.0,
    0.9896049896049897
  ],
  "training_time_s": 27.25556445121765,
  "best_val_f1": 0.9818853721862815,
  "trainable_params": 48678,
  "encoder_params": 630763520
}