{
  "baseline": "B3",
  "model": "I-JEPA ViT-H/14 Linear Probe (generic)",
  "macro_f1": 0.048771128665056264,
  "accuracy": 0.1658482690891235,
  "per_class_f1": [
    0.0,
    0.0,
    0.0,
    0.03785488958990536,
    0.0,
    0.0,
    0.0,
    0.0,
    0.0,
    0.021621621621621623,
    0.04020100502512563,
    0.1824561403508772,
    0.38333333333333336,
    0.0,
    0.0,
    0.19779116465863453,
    0.00946372239747634,
    0.0,
    0.0,
    0.0,
    0.0,
    0.0,
    0.0,
    0.0,
    0.32,
    0.07494145199063232,
    0.02247191011235955,
    0.0,
    0.10927152317880795,
    0.0,
    0.016666666666666666,
    0.0,
    0.15859030837004406,
    0.021660649819494584,
    0.02127659574468085,
    0.23570190641247835,
    0.0,
    0.0
  ],
  "training_time_s": 0.7684488296508789,
  "best_val_f1": 0.05213974052195001,
  "trainable_params": 48678,
  "encoder_params": 630763520
}