{
  "baseline": "B4",
  "model": "I-JEPA ViT-H/14 Full Fine-Tune",
  "macro_f1": 0.996442334976005,
  "accuracy": 0.997422047630739,
  "per_class_f1": [
    1.0,
    1.0,
    1.0,
    0.9979633401221996,
    0.9977827050997783,
    1.0,
    0.9921875,
    0.9554140127388535,
    1.0,
    0.9759450171821306,
    0.997134670487106,
    1.0,
    1.0,
    1.0,
    1.0,
    1.0,
    1.0,
    1.0,
    1.0,
    1.0,
    1.0,
    0.9932885906040269,
    1.0,
    1.0,
    0.9993451211525868,
    1.0,
    0.9970149253731343,
    1.0,
    0.9984350547730829,
    0.9900990099009901,
    0.991304347826087,
    0.9964912280701754,
    0.9962264150943396,
    0.9960474308300395,
    0.9928400954653938,
    0.9993769470404984,
    1.0,
    0.9979123173277662
  ],
  "training_time_s": 9891.847339868546,
  "best_val_f1": 0.9962735293190151,
  "trainable_params": 630812198
}