{
  "baseline": "B5",
  "model": "Leaf-JEPA ViT-H/14 Linear Probe (domain)",
  "macro_f1": 0.9877591029639613,
  "accuracy": 0.9909157868892708,
  "per_class_f1": [
    0.989247311827957,
    0.9945945945945946,
    1.0,
    0.9979716024340771,
    0.9977924944812362,
    0.9968454258675079,
    0.9921259842519685,
    0.9171974522292994,
    1.0,
    0.958904109589041,
    0.997134670487106,
    0.9915966386554622,
    0.9951456310679612,
    1.0,
    1.0,
    0.999395039322444,
    0.997093023255814,
    1.0,
    0.9966555183946488,
    0.9977528089887641,
    0.9866666666666667,
    0.9696969696969697,
    0.9545454545454546,
    1.0,
    0.9980353634577603,
    1.0,
    1.0,
    1.0,
    0.9921507064364207,
    0.9294871794871795,
    0.9719298245614035,
    0.9824561403508771,
    0.9695817490494296,
    0.9881422924901185,
    0.9785202863961814,
    0.996268656716418,
    1.0,
    0.9979123173277662
  ],
  "training_time_s": 15.09563398361206,
  "best_val_f1": 0.9859740205566588,
  "trainable_params": 48678,
  "encoder_params": 630763520
}