Baseline,Model,Macro-F1,Accuracy,Trainable Params,Training Time (s),Best Val F1
B1,ResNet-50,0.9853070810157588,0.9895654308863245,23585894,298.3957874774933,0.9903708729072483
B2,EfficientNet-B3,0.9102598574441922,0.9378836238644733,10754638,366.64680767059326,0.9105921403008779
