{
  "B3_macro_f1": 0.982753509836056,
  "B5_macro_f1": 0.9877591029639613,
  "gap": 0.005005593127905272,
  "gap_pct_points": 0.5005593127905272
}