{
  "mean": [
    0.466726,
    0.488969,
    0.41028
  ],
  "std": [
    0.195034,
    0.170282,
    0.213409
  ],
  "n_images": 10000,
  "n_pixels": 501760000,
  "comparison": {
    "imagenet_mean": [
      0.485,
      0.456,
      0.406
    ],
    "plantvillage_mean": [
      0.466726,
      0.488969,
      0.41028
    ],
    "delta": [
      -0.0183,
      0.033,
      0.0043
    ],
    "note": "Positive G-channel delta confirms PlantVillage is greener than ImageNet."
  }
}