{
  "mean": [
    0.465809,
    0.487659,
    0.409572
  ],
  "std": [
    0.19489,
    0.169946,
    0.213739
  ],
  "n_images": 10000,
  "n_pixels": 501760000,
  "comparison": {
    "imagenet_mean": [
      0.485,
      0.456,
      0.406
    ],
    "plantvillage_mean": [
      0.465809,
      0.487659,
      0.409572
    ],
    "delta": [
      -0.0192,
      0.0317,
      0.0036
    ],
    "note": "Positive G-channel delta confirms PlantVillage is greener than ImageNet."
  }
}